srcNumPackets,dstNumPackets,srcPayloadSize,dstPayloadSize,srcAvgPayloadSize,dstAvgPayloadSize,srcMaxPayloadSize,dstMaxPayloadSize,srcStdDevPayloadSize,dstStdDevPayloadSize,flowDuration,srcAvgInterarrivalTime,dstAvgInterarrivalTime,avgInterarrivalTime,srcStdDevInterarrivalTime,dstStdDevInterarrivalTime,stdDevInterarrivalTime
13.5,0,102.4,0,75.10983790976825,0,179.6,0,36.06736815520857,0,37.33156952857971,167639151.5201668,0,167639151.5201668,0,0,0
13.5,0,141.2,0,121.18259079285008,0,309.5,0,70.26832534128864,0,213.5837981939316,166845873.6275062,0,166845873.6275062,0,0,0
5.5,0,90.6,0,80.41730158730158,0,178.8,0,43.993162660474844,0,1199.950214076042,0.0401312828063964,0,0.0401312828063964,0,0,0
13.5,0,1636.8,0,1828.5312845049689,0,5778.0,0,1769.8275249649043,0,0.86618070602417,167639019.6844923,0,167639019.6844923,0,0,0
5.5,0,359.4,0,186.6269047619048,0,465.2,0,136.76168052971374,0,25.37182729244232,0.051547884941101,0,0.051547884941101,0,0,0
13.5,0,133.0,0,255.27928502010545,0,973.0,0,263.0972103284605,0,21.007288765907287,166845880.155677,0,166845880.155677,0,0,0
13.5,0,239.8,0,509.354971905889,0,1494.0,0,574.8021375503146,0,352.90145869255065,167638814.5312242,0,167638814.5312242,0,0,0
13.5,0,138.3,0,417.5184107610656,0,3495.0,0,843.729474215241,0,2.036792016029358,166845876.751277,0,166845876.751277,0,0,0
13.5,0,1514.0,0,741.4352750517456,0,1514.0,0,704.2374323423747,0,4.488850712776184,167638862.03195798,0,167638862.03195798,0,0,0
5.5,0,104.9,0,81.19630952380952,0,216.2,0,51.11088978968338,0,60.40408296585083,0.0129817962646484,0,0.0129817962646484,0,0,0
5.5,0,513.4,0,1013.298492063492,0,2508.5,0,811.494581470993,0,525.9803579330444,0.0471197843551635,0,0.0471197843551635,0,0,0
13.5,0,658.8,0,1892.3607021220955,0,8754.0,0,2197.075790386252,0,99.22752311229706,166845865.7395636,0,166845865.7395636,0,0,0
5.5,0,96.7,0,95.53218253968254,0,185.2,0,46.4156525765038,0,91.14274907112122,0.029426097869873,0,0.029426097869873,0,0,0
13.5,0,183.2,0,120.93301598169631,0,593.3,0,129.22836148568445,0,0.7608811855316162,166845738.2214052,0,166845738.2214052,0,0,0
5.5,0,83.0,0,71.01174603174604,0,163.6,0,41.73394908356315,0,156.5249358177185,0.0269258022308349,0,0.0269258022308349,0,0,0
5.5,0,1065.6,0,1401.5766666666666,0,1494.0,0,172.03347236328554,0,1.9081697463989256,0.0028033971786499,0,0.0028033971786499,0,0,0
13.5,0,82.8,0,145.0856327212519,0,749.0,0,176.08479175213026,0,30.811436319351195,166845753.64261383,0,166845753.64261383,0,0,0
5.5,0,200.8,0,182.44257936507933,0,613.4,0,178.68734129339546,0,205.7058568716049,0.0091113805770874,0,0.0091113805770874,0,0,0
13.5,0,116.2,0,145.79019569869416,0,376.0,0,79.40522236729835,0,12.37897343635559,167638643.0600873,0,167638643.0600873,0,0,0
13.5,0,69.7,0,121.56669235348411,0,230.0,0,66.62290621691308,0,104.9587583065033,167639167.49761692,0,167639167.49761692,0,0,0
5.5,0,1595.4,0,1016.8107142857144,0,1779.6,0,654.6127953577474,0,24.58262794017792,0.0111403942108154,0,0.0111403942108154,0,0,0
13.5,0,140.6,0,113.58547675234982,0,235.8,0,60.92025151313792,0,289.3967166662216,166481815.33602378,0,166481815.33602378,0,0,0
5.5,0,494.4,0,697.2099999999999,0,1494.0,0,614.4643786245972,0,325.4982939004898,0.0087678909301757,0,0.0087678909301757,0,0,0
5.5,0,66.0,0,68.25404761904761,0,91.4,0,15.173898879861529,0,0.0102658033370971,0.0198110103607177,0,0.0198110103607177,0,0,0
5.5,0,105.5,0,140.0206746031746,0,403.5,0,129.63065112827084,0,0.1491572141647338,0.0125913143157958,0,0.0125913143157958,0,0,0
13.5,0,1369.2,0,448.7809090221784,0,1369.2,0,566.1456842642499,0,3.375728178024292,167638861.42397332,0,167638861.42397332,0,0,0
13.5,0,1079.6,0,1186.5228613560505,0,1514.0,0,604.2782404223489,0,1.8431295871734616,167638861.264849,0,167638861.264849,0,0,0
13.5,0,131.1,0,119.46518653688932,0,230.0,0,64.68140814318357,0,171.72499916553497,167639189.07802588,0,167639189.07802588,0,0,0
13.5,0,111.5,0,124.52581203497223,0,441.0,0,105.6416253491403,0,13.146524667739868,166481755.38072008,0,166481755.38072008,0,0,0
13.5,0,131.3,0,120.65817063440517,0,339.0,0,75.45332816358844,0,2421.0578389644625,166482045.90119058,0,166482045.90119058,0,0,0
5.5,0,82.2,0,97.4334126984127,0,156.0,0,30.58925106220812,0,19.39601695537567,0.0150951862335205,0,0.0150951862335205,0,0,0
5.5,0,54.0,0,53.91492063492064,0,57.2,0,3.562462498922412,0,840.2220520019531,0.0190433979034423,0,0.0190433979034423,0,0,0
13.5,0,683.8,0,238.5889720826989,0,786.8,0,240.1811819137565,0,56.2824137210846,167638690.48410112,0,167638690.48410112,0,0,0
5.5,0,1095.5,0,1425.4888888888888,0,1514.0,0,164.01220011822824,0,4.758862924575806,0.0015290021896362,0,0.0015290021896362,0,0,0
5.5,0,95.8,0,101.85722222222222,0,202.6,0,53.04511361292079,0,191.574081325531,0.0105623006820678,0,0.0105623006820678,0,0,0
5.5,0,84.2,0,74.65269841269841,0,119.4,0,20.804501156170144,0,469.1674737930298,0.0211534023284912,0,0.0211534023284912,0,0,0
5.5,0,98.8,0,102.68222222222224,0,263.9,0,68.83848930951743,0,322.75715293884275,0.0773880004882812,0,0.0773880004882812,0,0,0
5.5,0,89.1,0,92.87535714285715,0,197.2,0,65.59839259191395,0,41.50885627269745,0.0241719961166381,0,0.0241719961166381,0,0,0
5.5,0,66.0,0,66.0,0,66.0,0,0.0,0,1.1340980052947998,0.0023818016052246,0,0.0023818016052246,0,0,0
5.5,0,130.6,0,137.5583333333333,0,295.6,0,96.9390719582761,0,911.3690829753876,0.0290175914764404,0,0.0290175914764404,0,0,0
13.5,0,80.3,0,86.70025351196792,0,230.0,0,44.80033129429868,0,303.9414642572403,166481819.400277,0,166481819.400277,0,0,0
5.5,0,97.0,0,97.3718253968254,0,148.1,0,24.83328930213394,0,877.5848868131637,0.0156054019927978,0,0.0156054019927978,0,0,0
13.5,0,123.7,0,129.82483913832982,0,285.0,0,69.02105478385363,0,3.955487418174744,166845884.0614666,0,166845884.0614666,0,0,0
13.5,0,1514.0,0,1514.0,0,1514.0,0,0.0,0,1.181920599937439,167638861.1444774,0,167638861.1444774,0,0,0
13.5,0,89.7,0,100.91635362401615,0,230.0,0,41.67891610917719,0,1.7142837285995485,167638640.1893844,0,167638640.1893844,0,0,0
5.5,0,154.3,0,177.27698412698413,0,221.0,0,50.44279024462959,0,498.3724032640457,0.0237620115280151,0,0.0237620115280151,0,0,0
5.5,0,116.1,0,129.18801587301587,0,231.5,0,55.79985889097388,0,24.650168085098265,0.0200126886367797,0,0.0200126886367797,0,0,0
5.5,0,66.0,0,66.0,0,66.0,0,0.0,0,1.4034675359725952,2.884864807128906e-06,0,2.884864807128906e-06,0,0,0
5.5,0,116.2,0,132.38444444444443,0,207.4,0,48.06171420957615,0,42.41800866127014,0.0218628883361816,0,0.0218628883361816,0,0,0
13.5,0,137.5,0,139.30584673238698,0,230.0,0,71.78712274113569,0,441.7684714794159,167638860.59881338,0,167638860.59881338,0,0,0
5.5,0,1514.0,0,1514.0,0,1514.0,0,0.0,0,3.826257038116455,0.0001298189163208,0,0.0001298189163208,0,0,0
5.5,0,120.7,0,105.97353174603174,0,201.4,0,43.13297060192205,0,640.5142338037491,0.0064069986343383,0,0.0064069986343383,0,0,0
13.5,0,72.6,0,77.1322160197044,0,191.2,0,39.64586325305697,0,74.14278416633606,166481752.77767807,0,166481752.77767807,0,0,0
5.5,0,64.4,0,53.80309523809524,0,71.4,0,8.838984087179439,0,826.573328948021,0.0432890176773071,0,0.0432890176773071,0,0,0
5.5,0,150.6,0,160.64333333333337,0,219.4,0,49.14814697840698,0,388.7481578826904,0.0380132913589477,0,0.0380132913589477,0,0,0
5.5,0,211.6,0,157.09468253968254,0,321.0,0,102.5366291586564,0,420.9972322463989,0.0180023908615112,0,0.0180023908615112,0,0,0
5.5,0,103.7,0,106.95734126984128,0,154.0,0,21.67326599907895,0,885.1443518161774,0.0256639957427978,0,0.0256639957427978,0,0,0
13.5,0,1514.0,0,1514.0,0,1514.0,0,0.0,0,2.164434051513672,167638861.79790512,0,167638861.79790512,0,0,0
5.5,0,179.4,0,140.49539682539685,0,486.6,0,146.38017081521474,0,4.624218893051148,0.0284288883209228,0,0.0284288883209228,0,0,0
13.5,0,123.6,0,121.49227469984434,0,224.0,0,70.99136627204943,0,691.4612054109573,167639128.7383737,0,167639128.7383737,0,0,0
13.5,0,183.3,0,211.5347504232953,0,373.0,0,129.1889907534488,0,91.72906651496888,167638847.65821782,0,167638847.65821782,0,0,0
5.5,0,134.4,0,128.4127380952381,0,366.8,0,114.81595219067384,0,162.4036295413971,0.0130465984344482,0,0.0130465984344482,0,0,0
13.5,0,94.5,0,77.27755634673204,0,183.5,0,33.08695690723787,0,870.8167227029801,166845875.93010622,0,166845875.93010622,0,0,0
5.5,0,356.0,0,337.5389682539682,0,1429.9,0,477.4826706672712,0,358.7600081443787,0.0074834108352661,0,0.0074834108352661,0,0,0
5.5,0,723.3,0,1084.9058333333332,0,1494.0,0,471.0292273374258,0,0.6568589687347413,0.0071182966232299,0,0.0071182966232299,0,0,0
5.5,0,2906.0,0,2906.0,0,2906.0,0,0.0,0,30.11028935909271,0.0011916875839233,0,0.0011916875839233,0,0,0
5.5,0,98.2,0,85.27297619047619,0,141.2,0,28.165762348127267,0,590.609894323349,0.0173789024353027,0,0.0173789024353027,0,0,0
5.5,0,147.3,0,95.51726190476192,0,178.0,0,42.12812106443731,0,273.68781032562254,0.0419891119003295,0,0.0419891119003295,0,0,0
5.5,0,100.3,0,92.184126984127,0,209.5,0,57.692972319108776,0,515.1447710514069,0.011112904548645,0,0.011112904548645,0,0,0
13.5,0,104.8,0,98.24092220687808,0,317.0,0,67.82874215239255,0,1489.6801216602323,166482041.02248552,0,166482041.02248552,0,0,0
13.5,0,202.4,0,99.301871673648,0,334.1,0,82.78706788306121,0,66.73664503097534,167638710.40939307,0,167638710.40939307,0,0,0
5.5,0,140.0,0,153.44555555555556,0,215.2,0,62.13249512883988,0,147.10739057064058,0.0499927043914794,0,0.0499927043914794,0,0,0
13.5,0,1244.0,0,1479.1561403508772,0,1514.0,0,111.45097656130318,0,1.738154649734497,167638861.80316532,0,167638861.80316532,0,0,0
5.5,0,147.2,0,109.79761904761904,0,179.7,0,52.04284585739337,0,5.407708907127381,0.0559807062149047,0,0.0559807062149047,0,0,0
13.5,0,98.5,0,86.57564049856232,0,216.8,0,48.06497736515898,0,248.97916991710665,166845839.76125368,0,166845839.76125368,0,0,0
5.5,0,94.0,0,116.30349206349206,0,292.8,0,87.45222444267077,0,62.512735414505,0.0194138050079345,0,0.0194138050079345,0,0,0
5.5,0,499.0,0,932.5184126984126,0,1510.0,0,477.5160041957364,0,6.201821660995483,0.0051093816757202,0,0.0051093816757202,0,0,0
5.5,0,1108.1,0,760.490119047619,0,2382.8,0,867.8031649345605,0,3.727592039108276,0.0062521934509277,0,0.0062521934509277,0,0,0
13.5,0,120.3,0,387.10866503250793,0,2974.0,0,796.6873850822477,0,294.12646248340604,166482036.38091558,0,166482036.38091558,0,0,0
5.5,0,210.0,0,80.53333333333333,0,210.0,0,43.17861891761501,0,1.0370852947235107,0.0013252973556518,0,0.0013252973556518,0,0,0
5.5,0,72.9,0,70.72936507936508,0,78.9,0,4.752604821942021,0,67.66530632972717,0.0230536937713623,0,0.0230536937713623,0,0,0
13.5,0,1636.8,0,856.4852281928597,0,2065.2,0,750.6650898298685,0,1.052108144760132,166845743.36123818,0,166845743.36123818,0,0,0
5.5,0,241.1,0,312.20662698412696,0,369.3,0,61.371586108249936,0,366.1035466194153,0.020563793182373,0,0.020563793182373,0,0,0
5.5,0,1532.2,0,1547.1072222222224,0,1693.8,0,72.8648130415973,0,4.446904230117798,0.0016972064971923,0,0.0016972064971923,0,0,0
5.5,0,107.0,0,80.13900793650794,0,126.5,0,20.2817581053052,0,387.53623857498167,0.0428541898727417,0,0.0428541898727417,0,0,0
13.5,0,140.8,0,172.05614555379262,0,345.0,0,94.6548282331994,0,237.3624116182328,167638717.2795605,0,167638717.2795605,0,0,0
5.5,0,187.1,0,192.9174603174603,0,618.9,0,200.70360397900973,0,182.12185826301567,0.0207442998886108,0,0.0207442998886108,0,0,0
5.5,0,780.0,0,945.8633333333332,0,2208.0,0,771.1295362311488,0,0.8341171026229859,0.0026458024978637,0,0.0026458024978637,0,0,0
13.5,0,1199.6,0,1510.6662107895545,0,2918.0,0,471.01097827539553,0,1.1204017400741575,166845882.2759076,0,166845882.2759076,0,0,0
13.5,0,127.0,0,158.41110426639062,0,749.0,0,177.8505892203522,0,94.64968242645264,166845749.5957869,0,166845749.5957869,0,0,0
5.5,0,105.6,0,105.5220634920635,0,138.9,0,22.212412597881848,0,492.2026124954224,0.0288877010345459,0,0.0288877010345459,0,0,0
13.5,0,1514.0,0,1707.676198359604,0,2962.0,0,489.8737626901744,0,1.8710307359695435,166845766.0664869,0,166845766.0664869,0,0,0
5.5,0,226.2,0,244.44992063492063,0,1253.8,0,427.99717995927705,0,2268.6010519742968,0.0146636962890625,0,0.0146636962890625,0,0,0
13.5,0,832.9,0,531.8555238762785,0,1486.0,0,649.861412052277,0,34.49618837833405,166845882.27641827,0,166845882.27641827,0,0,0
13.5,0,250.6,0,282.8220258198974,0,1514.0,0,428.1487688707271,0,0.1162558317184448,167639148.1874356,0,167639148.1874356,0,0,0
5.5,0,276.2,0,122.26690476190474,0,368.2,0,97.50347908730166,0,144.65239520072936,0.0208980798721313,0,0.0208980798721313,0,0,0
13.5,0,1838.5,0,2592.072882019082,0,13603.0,0,3001.975726593686,0,1.3516774415969848,166845882.2988712,0,166845882.2988712,0,0,0
5.5,0,127.2,0,130.4245238095238,0,395.6,0,112.63786178684754,0,22.99441180229187,0.0087775230407714,0,0.0087775230407714,0,0,0
13.5,0,825.5,0,470.69227974167217,0,3492.6,0,944.1634067968192,0,25.007639527320865,166845743.72345823,0,166845743.72345823,0,0,0
13.5,0,240.0,0,210.35165757917693,0,1387.0,0,362.44546935564887,0,56.42298130989074,167639016.63331848,0,167639016.63331848,0,0,0
13.5,0,74.2,0,80.1935469591468,0,230.0,0,45.87708272930625,0,246.5614708900452,166481805.4023737,0,166481805.4023737,0,0,0
13.5,0,141.4,0,123.20243689918614,0,240.6,0,74.81326037918578,0,527.2558930158615,167638813.3407864,0,167638813.3407864,0,0,0
5.5,0,669.2,0,465.78079365079367,0,1031.6,0,430.635340277449,0,25.592663192749026,0.0136991024017333,0,0.0136991024017333,0,0,0
5.5,0,70.6,0,75.3547619047619,0,93.8,0,10.462785276016804,0,375.9596819162369,0.0262844085693359,0,0.0262844085693359,0,0,0
5.5,0,91.2,0,115.05738095238095,0,291.9,0,86.87221787981426,0,310.4656717538834,0.0170907974243164,0,0.0170907974243164,0,0,0
5.5,0,660.4,0,1142.2720634920636,0,1514.0,0,406.562678603761,0,1.4579748153686525,0.0029129028320312,0,0.0029129028320312,0,0,0
13.5,0,1806.0,0,2373.880786073232,0,4434.0,0,923.7149760321312,0,0.2724601030349731,166845881.45464128,0,166845881.45464128,0,0,0
13.5,0,136.6,0,125.564285921337,0,230.0,0,60.22512983065229,0,761.0328833580018,167638733.5432995,0,167638733.5432995,0,0,0
5.5,0,151.3,0,200.60599206349207,0,484.5,0,153.73882583269665,0,0.0283607006072998,0.0037434816360473,0,0.0037434816360473,0,0,0
13.5,0,318.7,0,153.38343008599588,0,977.6,0,219.10531908241336,0,104.50332951545715,167638690.52309948,0,167638690.52309948,0,0,0
13.5,0,210.8,0,662.427606197552,0,1514.0,0,696.8317749696929,0,2.8960225105285646,166845866.1581335,0,166845866.1581335,0,0,0
13.5,0,197.1,0,229.80586255162112,0,1705.0,0,416.0415669931911,0,353.37020497322084,166845826.1456058,0,166845826.1456058,0,0,0
5.5,0,152.2,0,89.19873015873016,0,213.6,0,49.43620348171135,0,223.5861795902252,0.0131720066070556,0,0.0131720066070556,0,0,0
5.5,0,138.4,0,160.31396825396823,0,459.2,0,134.1885602636597,0,1.4597723722457885,0.0219623088836669,0,0.0219623088836669,0,0,0
5.5,0,230.0,0,220.27174603174603,0,345.1,0,115.17589823118595,0,51.46518161296844,0.0255950212478637,0,0.0255950212478637,0,0,0
5.5,0,1396.5,0,1474.5069444444446,0,1514.0,0,111.03615984322532,0,1.1383543729782104,0.0008303165435791,0,0.0008303165435791,0,0,0
5.5,0,1200.8,0,1271.3804761904762,0,2774.8,0,1039.3376459947224,0,6.60727093219757,0.0008270978927612,0,0.0008270978927612,0,0,0
13.5,0,94.9,0,97.7558741340359,0,230.0,0,56.07413941237933,0,910.3270293951034,167638730.2494286,0,167638730.2494286,0,0,0
13.5,0,66.0,0,66.0,0,66.0,0,0.0,0,1.1335872411727903,166845882.4478853,0,166845882.4478853,0,0,0
13.5,0,93.6,0,128.16311808676363,0,339.0,0,79.3126889102155,0,9.506944012641906,167638871.4763042,0,167638871.4763042,0,0,0
5.5,0,82.6,0,84.9834126984127,0,257.4,0,73.45998130114569,0,60.808462262153625,0.0162278890609741,0,0.0162278890609741,0,0,0
13.5,0,157.1,0,199.19890239103864,0,960.0,0,267.9106835869935,0,22.48059241771698,166845741.20455602,0,166845741.20455602,0,0,0
13.5,0,114.2,0,101.85000572784628,0,317.0,0,72.85964536557717,0,935.3381542444228,166482053.72124928,0,166482053.72124928,0,0,0
13.5,0,182.3,0,194.76360080193285,0,591.0,0,165.60154156384675,0,105.27607293128968,167639195.02065942,0,167639195.02065942,0,0,0
5.5,0,183.9,0,123.8998015873016,0,291.6,0,74.10824547785035,0,1501.9020372629166,0.0425780773162841,0,0.0425780773162841,0,0,0
5.5,0,165.5,0,197.6573412698413,0,422.7,0,133.5164174733652,0,0.1931555271148681,0.0028162002563476,0,0.0028162002563476,0,0,0
5.5,0,832.8,0,1273.1189285714286,0,1514.0,0,305.7591963787873,0,0.2334311723709106,0.0162883043289184,0,0.0162883043289184,0,0,0
13.5,0,130.6,0,115.4014037579208,0,230.0,0,55.835579975686166,0,868.362703537941,167638762.41699672,0,167638762.41699672,0,0,0
5.5,0,148.7,0,135.55710317460318,0,207.4,0,60.93599905130242,0,230.30848996639253,0.065333890914917,0,0.065333890914917,0,0,0
13.5,0,89.7,0,100.91635362401615,0,230.0,0,41.67891610917719,0,1.7142837285995485,167638640.1893844,0,167638640.1893844,0,0,0
13.5,0,2382.8,0,1183.05544923257,0,2962.0,0,1264.509968724382,0,2.564267325401306,166845766.1364682,0,166845766.1364682,0,0,0
5.5,0,102.3,0,108.66952380952382,0,284.4,0,82.24342074303487,0,244.19357895851127,0.0312056064605712,0,0.0312056064605712,0,0,0
13.5,0,803.2,0,1582.3259335805235,0,2922.0,0,788.3490883065585,0,28.15886209011078,167638651.92444432,0,167638651.92444432,0,0,0
13.5,0,926.4,0,409.5273592167207,0,1007.4,0,355.4132356302586,0,1.7142731189727782,166845883.64692873,0,166845883.64692873,0,0,0
13.5,0,95.8,0,146.6422535767466,0,441.0,0,106.32171328136062,0,614.8561353683472,166482049.7378133,0,166482049.7378133,0,0,0
13.5,0,104.9,0,208.0638787261929,0,1514.0,0,354.8391850608164,0,237.9301638364792,167638843.9532322,0,167638843.9532322,0,0,0
13.5,0,1361.6,0,1591.3928370752058,0,2922.0,0,421.4768215176094,0,20.968649220466613,167638842.4674068,0,167638842.4674068,0,0,0
13.5,0,121.6,0,110.09880035169508,0,573.0,0,128.33002645158064,0,581.1994278669357,166482032.55277032,0,166482032.55277032,0,0,0
13.5,0,184.5,0,107.4535428503385,0,274.7,0,68.67867881428994,0,557.0277026176452,167639096.3727078,0,167639096.3727078,0,0,0
13.5,0,95.3,0,165.25422212333592,0,441.0,0,128.89390457102974,0,847.1097188949585,166482033.1702373,0,166482033.1702373,0,0,0
5.5,0,148.4,0,125.96809523809524,0,315.6,0,105.66224766009807,0,910.7315247058868,0.0105270862579345,0,0.0105270862579345,0,0,0
13.5,0,123.1,0,150.42213270475656,0,569.0,0,141.9147176994503,0,304.7749168634415,166481825.49019796,0,166481825.49019796,0,0,0
5.5,0,133.5,0,133.23884920634922,0,304.9,0,98.30839173386455,0,218.96938321590423,0.0031771898269653,0,0.0031771898269653,0,0,0
13.5,0,310.6,0,173.08718563514233,0,1514.0,0,391.1475041030698,0,138.82563276290892,167639094.29140282,0,167639094.29140282,0,0,0
13.5,0,357.9,0,208.2940480078057,0,1254.8,0,302.2095491160045,0,0.4628013372421264,167639148.1382164,0,167639148.1382164,0,0,0
13.5,0,2172.6,0,2124.082695825846,0,4350.0,0,1058.887685337609,0,0.0027007818222045,166845882.5894249,0,166845882.5894249,0,0,0
13.5,0,295.7,0,264.2361222459172,0,1929.7,0,458.3848042901985,0,210.92910363674164,166845836.9053592,0,166845836.9053592,0,0,0
13.5,0,143.1,0,146.4241096132969,0,263.3,0,73.49392305408992,0,135.22689445018767,167639173.2439505,0,167639173.2439505,0,0,0
5.5,0,85.9,0,80.70845238095237,0,215.8,0,55.57237510689191,0,54.11021964550018,0.0086220026016235,0,0.0086220026016235,0,0,0
5.5,0,77.8,0,70.965,0,108.8,0,16.243730130203197,0,477.0610191106797,0.0117472887039184,0,0.0117472887039184,0,0,0
5.5,0,258.3,0,349.29591269841274,0,773.6,0,256.3855552178469,0,370.9464324235916,0.0393774986267089,0,0.0393774986267089,0,0,0
5.5,0,1514.0,0,1514.0,0,1514.0,0,0.0,0,3.093415760993957,0.0001375913619995,0,0.0001375913619995,0,0,0
13.5,0,1514.0,0,932.9714049211882,0,1514.0,0,700.5014014346463,0,1.722289514541626,167638861.75466192,0,167638861.75466192,0,0,0
5.5,0,108.6,0,103.57357142857144,0,135.0,0,16.436045231654056,0,586.8606139183045,0.0220413208007812,0,0.0220413208007812,0,0,0
5.5,0,128.2,0,113.0718253968254,0,222.5,0,69.46451513616192,0,168.01735777854918,0.0654345989227294,0,0.0654345989227294,0,0,0
13.5,0,116.0,0,137.5451844212719,0,761.0,0,175.31992027657165,0,281.2885707616806,166845820.45139322,0,166845820.45139322,0,0,0
13.5,0,100.9,0,73.55782713416615,0,171.0,0,30.23288717949905,0,2.130076503753662,166845889.96810028,0,166845889.96810028,0,0,0
5.5,0,97.7,0,123.34940476190476,0,230.0,0,55.27313494616901,0,13.235550999641418,0.0366805791854858,0,0.0366805791854858,0,0,0
5.5,0,218.9,0,144.91539682539684,0,244.5,0,69.26605697511016,0,6.157365417480468,0.0242552995681762,0,0.0242552995681762,0,0,0
13.5,0,148.6,0,135.85018566744571,0,666.0,0,150.80020415509986,0,384.7453978776932,167638734.52080518,0,167638734.52080518,0,0,0
5.5,0,1079.6,0,688.122857142857,0,1224.4,0,560.3700830688193,0,4.62403461933136,0.0014847993850708,0,0.0014847993850708,0,0,0
5.5,0,131.8,0,104.60166666666666,0,168.6,0,35.58443447220647,0,0.1122931957244873,0.0123939990997314,0,0.0123939990997314,0,0,0
13.5,0,189.4,0,141.12303666620616,0,368.7,0,91.1676978042214,0,1215.1436375379562,166482043.7191884,0,166482043.7191884,0,0,0
13.5,0,139.8,0,124.4308149079163,0,344.1,0,100.22089670682615,0,434.5474056243896,167639101.3135422,0,167639101.3135422,0,0,0
5.5,0,162.2,0,153.51690476190475,0,213.2,0,54.48671703650666,0,254.98414595127105,0.0267659902572631,0,0.0267659902572631,0,0,0
5.5,0,132.7,0,129.02242063492065,0,263.0,0,72.48116179150959,0,348.1083449363708,0.0252259016036987,0,0.0252259016036987,0,0,0
13.5,0,119.4,0,144.45309912438785,0,428.0,0,144.09698044582018,0,18.93950221538544,167638866.8324503,0,167638866.8324503,0,0,0
5.5,0,186.6,0,163.4907142857143,0,327.3,0,93.9875625248546,0,23.623973393440245,0.0149072170257568,0,0.0149072170257568,0,0,0
5.5,0,89.2,0,101.49472222222222,0,156.0,0,30.45992544289677,0,60.349601888656615,0.029928708076477,0,0.029928708076477,0,0,0
13.5,0,87.5,0,96.92926425397788,0,213.3,0,48.9883550311922,0,181.95598995685577,167638730.11234003,0,167638730.11234003,0,0,0
5.5,0,181.8,0,89.6707142857143,0,199.4,0,43.77850415610745,0,456.5807051897049,0.0534705877304077,0,0.0534705877304077,0,0,0
13.5,0,111.2,0,94.644489506022,0,185.0,0,43.88082561686407,0,351.55938639640806,167638688.8037039,0,167638688.8037039,0,0,0
13.5,0,223.7,0,301.1662702824352,0,1514.0,0,516.8961292693754,0,22.68512110710144,166845766.4362904,0,166845766.4362904,0,0,0
13.5,0,241.7,0,197.01106738419816,0,882.4,0,203.68796315270453,0,10.653444862365722,166845879.10042208,0,166845879.10042208,0,0,0
13.5,0,69.1,0,118.50007117022986,0,441.0,0,104.5459649720876,0,0.0554606199264526,166481742.3993984,0,166481742.3993984,0,0,0
13.5,0,203.5,0,179.95280873838925,0,356.4,0,95.17016167631422,0,21.30478472709656,167638643.4353702,0,167638643.4353702,0,0,0
13.5,0,90.8,0,114.15205232375122,0,230.0,0,65.38154620198806,0,345.1894057273865,166481828.45610362,0,166481828.45610362,0,0,0
5.5,0,1514.0,0,1514.0,0,1514.0,0,0.0,0,2.5667785882949827,0.0025118112564086,0,0.0025118112564086,0,0,0
5.5,0,1167.6,0,1277.4230952380954,0,1292.0,0,40.704932213931166,0,15.919477963447571,0.0003566026687622,0,0.0003566026687622,0,0,0
13.5,0,104.8,0,83.81189672470632,0,251.2,0,50.18287635953616,0,0.681495213508606,166481829.1013577,0,166481829.1013577,0,0,0
5.5,0,1369.2,0,1420.5120634920636,0,1514.0,0,241.46756729262552,0,0.5161889076232911,0.0002295017242431,0,0.0002295017242431,0,0,0
13.5,0,1079.6,0,1388.5431352892033,0,1514.0,0,331.0658028645897,0,0.953648829460144,167638861.6767897,0,167638861.6767897,0,0,0
5.5,0,110.3,0,103.4795238095238,0,222.3,0,59.19910126415973,0,308.79428267478943,0.0150770187377929,0,0.0150770187377929,0,0,0
13.5,0,171.2,0,167.50302961013875,0,641.0,0,181.51684620318167,0,263.0900349855423,167639172.697037,0,167639172.697037,0,0,0
13.5,0,141.9,0,174.73156627986737,0,791.0,0,180.67724935924247,0,295.8447506904602,166482038.07357123,0,166482038.07357123,0,0,0
13.5,0,98.0,0,121.03532152874644,0,441.0,0,126.5527780717676,0,92.8729388475418,166481758.06406972,0,166481758.06406972,0,0,0
13.5,0,131.7,0,104.362396373836,0,189.0,0,47.23630763533711,0,12.9504558801651,167638818.6608243,0,167638818.6608243,0,0,0
13.5,0,213.1,0,147.9339608667047,0,628.2,0,146.53345752747498,0,118.24712784290314,166845835.3579303,0,166845835.3579303,0,0,0
5.5,0,931.2,0,437.4639682539682,0,931.2,0,416.21984301094415,0,8.92475254535675,0.0078097105026245,0,0.0078097105026245,0,0,0
13.5,0,79.4,0,104.916683138413,0,317.0,0,77.4576126031704,0,1418.7956090450286,166482027.5918993,0,166482027.5918993,0,0,0
13.5,0,184.1,0,405.0310288829677,0,2962.0,0,800.0256815684967,0,0.4082323551177979,166845864.1769877,0,166845864.1769877,0,0,0
5.5,0,125.8,0,93.6186507936508,0,168.8,0,39.10703943985671,0,862.5171394109726,0.0611173868179321,0,0.0611173868179321,0,0,0
5.5,0,93.8,0,72.27757936507936,0,124.9,0,25.42258438427762,0,304.149355840683,0.0269337892532348,0,0.0269337892532348,0,0,0
13.5,0,76.7,0,100.4845782932238,0,230.0,0,46.70554186774721,0,27.747221302986144,166481769.8655466,0,166481769.8655466,0,0,0
13.5,0,187.7,0,182.4857533707263,0,761.0,0,171.553417102941,0,70.73373937606812,166845892.43696582,0,166845892.43696582,0,0,0
13.5,0,58.4,0,88.77272760778952,0,262.0,0,52.28926613545813,0,189.16142358779908,166481769.2670128,0,166481769.2670128,0,0,0
13.5,0,147.2,0,166.0436580266998,0,385.0,0,87.03465377914333,0,0.3993865728378296,167638638.3828004,0,167638638.3828004,0,0,0
5.5,0,132.1,0,107.55829365079364,0,262.9,0,77.34961358291582,0,545.8050401926041,0.0213525772094726,0,0.0213525772094726,0,0,0
13.5,0,132.0,0,138.95354234559733,0,344.0,0,79.105786484865,0,182.88712084293363,167639172.72961828,0,167639172.72961828,0,0,0
13.5,0,150.3,0,1082.839387642371,0,1514.0,0,580.280448489563,0,40.61050889492035,167638652.39288062,0,167638652.39288062,0,0,0
5.5,0,191.4,0,358.2549603174603,0,1036.0,0,334.37586448431864,0,84.31073276996612,0.0195728063583374,0,0.0195728063583374,0,0,0
13.5,0,1224.4,0,1476.2334502923975,0,1514.0,0,121.04608542667866,0,5.42239670753479,167638862.12494928,0,167638862.12494928,0,0,0
13.5,0,177.2,0,151.42154697555628,0,230.0,0,61.59440801363994,0,164.33676495552064,166481825.21032733,0,166481825.21032733,0,0,0
5.5,0,118.0,0,153.47222222222223,0,201.0,0,38.91298926602063,0,5.505217409133911,0.0136950016021728,0,0.0136950016021728,0,0,0
5.5,0,115.7,0,158.09277777777777,0,230.0,0,42.3643156274257,0,483.132172870636,0.0126455068588256,0,0.0126455068588256,0,0,0
5.5,0,165.5,0,163.87698412698415,0,363.6,0,111.7110426391927,0,327.08619730472566,0.0159069061279296,0,0.0159069061279296,0,0,0
5.5,0,118.8,0,103.85380952380952,0,168.8,0,45.51689007077348,0,879.7250181913375,0.0275573015213012,0,0.0275573015213012,0,0,0
13.5,0,65.4,0,120.40148853253729,0,367.0,0,99.93503653595232,0,318.20464355945586,166481806.24108717,0,166481806.24108717,0,0,0
13.5,0,101.0,0,107.04582304520386,0,230.0,0,67.092724361288,0,145.78728618621827,167638686.8079233,0,167638686.8079233,0,0,0
5.5,0,129.3,0,158.53738095238094,0,345.0,0,104.58716841270156,0,1.3427552938461305,0.0068471908569335,0,0.0068471908569335,0,0,0
13.5,0,319.4,0,225.50327503293065,0,1231.7,0,289.170464041299,0,16.670941710472107,166845890.8889767,0,166845890.8889767,0,0,0
13.5,0,96.6,0,215.92998413566136,0,1424.0,0,335.09835165141146,0,0.1365828514099121,167638959.7019476,0,167638959.7019476,0,0,0
13.5,0,83.4,0,84.71171212945981,0,123.0,0,24.480124295937564,0,65.75931251049042,166481759.56133407,0,166481759.56133407,0,0,0
5.5,0,76.2,0,72.07007936507937,0,99.0,0,12.274867554491262,0,0.5209117412567139,0.0047593116760253,0,0.0047593116760253,0,0,0
13.5,0,99.1,0,114.67940575935934,0,230.0,0,63.74929312658994,0,55.41999146938324,167638966.3408081,0,167638966.3408081,0,0,0
5.5,0,119.0,0,99.7202380952381,0,184.4,0,51.43697042423812,0,232.02258424758912,0.0748573064804077,0,0.0748573064804077,0,0,0
5.5,0,315.8,0,204.7708333333333,0,683.0,0,256.59956065257626,0,41.25842382907867,0.0283806800842285,0,0.0283806800842285,0,0,0
13.5,0,102.5,0,118.20282960503548,0,230.0,0,59.76203588533393,0,277.6190885782242,167639185.9528901,0,167639185.9528901,0,0,0
13.5,0,131.8,0,131.41031619438357,0,282.5,0,71.16086927133057,0,24.048770403862,166845750.25081727,0,166845750.25081727,0,0,0
5.5,0,113.4,0,157.23095238095237,0,318.0,0,89.56218401084774,0,256.1117022037506,0.046439790725708,0,0.046439790725708,0,0,0
13.5,0,290.3,0,242.2663299089112,0,1514.0,0,399.362709239902,0,16.555070924758912,166481745.88270813,0,166481745.88270813,0,0,0
13.5,0,1550.9,0,455.95217791109815,0,2188.0,0,762.4066609211534,0,7.693440294265747,166845882.5169703,0,166845882.5169703,0,0,0
13.5,0,124.6,0,100.40662110292529,0,230.0,0,67.08737967695984,0,1886.0839521169664,166482052.6675193,0,166482052.6675193,0,0,0
13.5,0,123.6,0,106.39501141832024,0,230.0,0,53.09658679924094,0,255.4775411844253,167638848.8528021,0,167638848.8528021,0,0,0
5.5,0,1514.0,0,1514.0,0,1514.0,0,0.0,0,4.238357639312744,0.0001394987106323,0,0.0001394987106323,0,0,0
5.5,0,146.9,0,150.52853174603175,0,314.0,0,92.35491878147678,0,18.983992743492127,0.0127562046051025,0,0.0127562046051025,0,0,0
13.5,0,1514.0,0,1514.0,0,1514.0,0,0.0,0,3.385925793647766,167638861.4191728,0,167638861.4191728,0,0,0
13.5,0,109.2,0,84.14490739609548,0,193.2,0,41.997023866403325,0,856.3406461238861,167638782.16182238,0,167638782.16182238,0,0,0
13.5,0,136.1,0,138.08517008748044,0,412.2,0,113.19589497954496,0,2423.799603796005,166482045.4438526,0,166482045.4438526,0,0,0
5.5,0,1377.2,0,1454.7422222222224,0,1494.0,0,110.374667827138,0,0.4733888387680053,0.0001821041107177,0,0.0001821041107177,0,0,0
13.5,0,127.5,0,158.63673460311617,0,473.0,0,144.4244456012611,0,1137.2566014051438,166482027.86117572,0,166482027.86117572,0,0,0
5.5,0,124.0,0,106.15515873015876,0,175.9,0,43.89402330904753,0,40.44959847927093,0.0365010023117065,0,0.0365010023117065,0,0,0
13.5,0,117.0,0,122.31026599518472,0,385.0,0,93.96298040151852,0,238.31595044136049,166845762.2097578,0,166845762.2097578,0,0,0
5.5,0,90.6,0,64.30857142857143,0,119.6,0,20.98810732168284,0,1424.1629703044891,0.0091491937637329,0,0.0091491937637329,0,0,0
13.5,0,159.0,0,151.40092112780582,0,639.0,0,178.2438137118208,0,0.0247792720794677,166481761.2405452,0,166481761.2405452,0,0,0
5.5,0,122.8,0,128.8972222222222,0,209.2,0,49.23776980640225,0,542.4596462011338,0.0605509996414184,0,0.0605509996414184,0,0,0
5.5,0,75.4,0,83.13404761904762,0,117.3,0,25.35443474788708,0,1539.7229039669037,0.007228398323059,0,0.007228398323059,0,0,0
5.5,0,89.1,0,93.01011904761904,0,135.4,0,29.318077889474058,0,2202.075538778305,0.0091847896575927,0,0.0091847896575927,0,0,0
13.5,0,269.8,0,209.49722921299548,0,1696.0,0,408.4977176000982,0,295.5984359502792,166482037.7693986,0,166482037.7693986,0,0,0
13.5,0,628.0,0,304.47468003874354,0,1279.4,0,444.4030404068615,0,0.2191528081893921,167638783.10239267,0,167638783.10239267,0,0,0
5.5,0,165.2,0,156.2782936507936,0,188.6,0,48.260968765670455,0,5.063148593902588,0.0157871007919311,0,0.0157871007919311,0,0,0
13.5,0,262.8,0,188.6128959288905,0,412.0,0,150.97935231582574,0,221.6804697036743,167639012.1149427,0,167639012.1149427,0,0,0
5.5,0,1636.8,0,1586.1966666666665,0,2208.0,0,238.13237989908097,0,1.0137814044952391,0.0003544092178344,0,0.0003544092178344,0,0,0
13.5,0,666.8,0,1019.7833898325614,0,2922.0,0,819.3700915507682,0,7.571858525276184,167638820.0336938,0,167638820.0336938,0,0,0
13.5,0,177.4,0,124.9315601508055,0,215.4,0,64.75033212821967,0,141.3380381822586,167638781.0940655,0,167638781.0940655,0,0,0
13.5,0,784.2,0,769.8846960534305,0,1514.0,0,714.8670527325555,0,104.2007939338684,166845817.2394144,0,166845817.2394144,0,0,0
13.5,0,171.4,0,116.7437036217996,0,288.0,0,86.31255923742367,0,23.92535953521729,167639170.468331,0,167639170.468331,0,0,0
13.5,0,147.9,0,83.42605825718829,0,235.6,0,39.6356637521513,0,860.6317079782486,166482030.0221584,0,166482030.0221584,0,0,0
5.5,0,159.1,0,170.55686507936508,0,416.8,0,115.86000139793424,0,173.7487328529358,0.0624557971954345,0,0.0624557971954345,0,0,0
5.5,0,1079.6,0,1420.2822222222223,0,1514.0,0,174.44290474932595,0,0.9255325078964234,0.0031747817993164,0,0.0031747817993164,0,0,0
13.5,0,158.9,0,148.6688078218651,0,700.4,0,196.08846292303548,0,178.7866821527481,167639019.893439,0,167639019.893439,0,0,0
13.5,0,139.2,0,282.7944767547554,0,2526.0,0,601.1012062549113,0,83.12402226924897,166481760.7107076,0,166481760.7107076,0,0,0
13.5,0,135.0,0,115.320399423418,0,344.0,0,75.4919680314861,0,7.499174809455871,167639146.9976555,0,167639146.9976555,0,0,0
5.5,0,177.4,0,252.17261904761904,0,733.4,0,237.18658176119845,0,945.94739716053,0.0187274932861328,0,0.0187274932861328,0,0,0
5.5,0,161.9,0,132.06214285714287,0,358.6,0,117.1697467788645,0,2.804372811317444,0.0020510911941528,0,0.0020510911941528,0,0,0
5.5,0,364.2,0,207.0863888888889,0,730.2,0,236.9189784831884,0,45.40455150604248,0.00885910987854,0,0.00885910987854,0,0,0
13.5,0,1494.0,0,949.1826843332108,0,2922.0,0,1178.230811803851,0,0.6771241664886475,166845766.6426151,0,166845766.6426151,0,0,0
5.5,0,102.9,0,119.70563492063496,0,182.6,0,43.87235616707146,0,1455.01169757843,0.0726818084716796,0,0.0726818084716796,0,0,0
13.5,0,1983.7,0,1064.4889515296366,0,3744.2,0,1133.2498870901727,0,1.6080713272094729,166845882.3650996,0,166845882.3650996,0,0,0
13.5,0,137.8,0,174.5540746465437,0,761.0,0,177.3198340473187,0,17.927799558639528,166845881.4566458,0,166845881.4566458,0,0,0
13.5,0,351.6,0,87.79578947368421,0,351.6,0,74.72679421687546,0,1.0997215270996097,167639186.9873374,0,167639186.9873374,0,0,0
5.5,0,93.3,0,96.40111111111112,0,212.4,0,59.64191178274597,0,60.55990650653839,0.0248018980026245,0,0.0248018980026245,0,0,0
13.5,0,66.0,0,66.0,0,66.0,0,0.0,0,1.1517983436584474,166845882.4497065,0,166845882.4497065,0,0,0
13.5,0,130.7,0,89.16168073026046,0,220.7,0,48.17547345299859,0,108.7224583864212,166845756.5514876,0,166845756.5514876,0,0,0
13.5,0,138.8,0,120.27919396693778,0,230.0,0,68.94559193002918,0,1894.456258559227,166482052.7200298,0,166482052.7200298,0,0,0
5.5,0,152.5,0,120.92769841269842,0,185.8,0,56.47975710992504,0,183.2074656009674,0.0164371967315673,0,0.0164371967315673,0,0,0
5.5,0,289.6,0,280.6496825396825,0,1358.2,0,458.2782273798017,0,676.7494492530823,0.0287534952163696,0,0.0287534952163696,0,0,0
13.5,0,208.3,0,138.15399469553492,0,395.6,0,107.04830377297944,0,184.7473748922348,167639017.3040237,0,167639017.3040237,0,0,0
5.5,0,84.9,0,88.26543650793651,0,141.2,0,31.44804925656664,0,481.669047164917,0.0706769943237304,0,0.0706769943237304,0,0,0
5.5,0,100.1,0,114.45821428571428,0,160.0,0,32.383252734927964,0,199.34885129928588,0.025248908996582,0,0.025248908996582,0,0,0
5.5,0,102.5,0,85.5795238095238,0,186.8,0,41.89630989116482,0,377.8563100576401,0.0079637050628662,0,0.0079637050628662,0,0,0
13.5,0,729.3,0,219.43400577406769,0,918.0,0,276.6014205926552,0,217.78405730724336,166845875.4835921,0,166845875.4835921,0,0,0
13.5,0,189.4,0,416.1636793048712,0,1514.0,0,477.8848938827756,0,0.9239594459533692,167638962.7157853,0,167638962.7157853,0,0,0
13.5,0,128.8,0,119.0885964035964,0,302.0,0,81.98609620492661,0,99.0887493610382,166845865.8302379,0,166845865.8302379,0,0,0
13.5,0,111.3,0,151.791997867114,0,231.0,0,68.20126324463021,0,10.048703670501707,167638958.3766438,0,167638958.3766438,0,0,0
5.5,0,102.9,0,80.23198412698413,0,121.4,0,19.451731579771817,0,463.5765142917633,0.0177808046340942,0,0.0177808046340942,0,0,0
13.5,0,377.6,0,188.9783342719372,0,993.6,0,243.6883436228888,0,27.65295238494873,167638645.1327476,0,167638645.1327476,0,0,0
5.5,0,259.6,0,342.83126984126983,0,1619.6,0,577.9053526332877,0,600.2935675859451,0.0038381814956665,0,0.0038381814956665,0,0,0
5.5,0,180.3,0,135.8632142857143,0,616.8,0,185.880770057704,0,24.170308089256288,0.003192400932312,0,0.003192400932312,0,0,0
5.5,0,75.5,0,69.88833333333334,0,105.2,0,20.22813146957365,0,175.37464928627014,0.0285767078399658,0,0.0285767078399658,0,0,0
5.5,0,103.7,0,106.95734126984128,0,154.0,0,21.67326599907895,0,885.1443518161774,0.0256639957427978,0,0.0256639957427978,0,0,0
5.5,0,146.4,0,122.63015873015874,0,208.4,0,60.76851980793271,0,798.1180162668228,0.0945120811462402,0,0.0945120811462402,0,0,0
5.5,0,146.7,0,140.92908730158732,0,208.6,0,55.72537387638714,0,41.30697751045227,0.024566102027893,0,0.024566102027893,0,0,0
5.5,0,127.8,0,85.93154761904762,0,247.5,0,58.517046921695,0,143.9329350233078,0.0194734096527099,0,0.0194734096527099,0,0,0
5.5,0,123.2,0,167.89507936507937,0,228.2,0,65.395042604167,0,627.836753487587,0.0219677925109863,0,0.0219677925109863,0,0,0
5.5,0,167.8,0,154.39130952380953,0,343.2,0,94.5026733461677,0,66.04520101547241,0.0096632957458496,0,0.0096632957458496,0,0,0
13.5,0,214.6,0,137.17914601050825,0,303.2,0,78.66461687342633,0,170.92473866939545,167639188.4928558,0,167639188.4928558,0,0,0
13.5,0,980.9,0,1546.476487008004,0,2962.0,0,997.6053529201326,0,4.893235564231873,166845766.4609579,0,166845766.4609579,0,0,0
13.5,0,1065.6,0,740.5071522698148,0,1494.0,0,710.9401411971774,0,0.8598321437835693,167638760.57658103,0,167638760.57658103,0,0,0
5.5,0,95.8,0,90.495873015873,0,132.6,0,35.985244433625645,0,417.055867433548,0.0271193981170654,0,0.0271193981170654,0,0,0
5.5,0,101.7,0,81.3988492063492,0,158.3,0,41.11511462495381,0,349.8028492927551,0.0370119094848632,0,0.0370119094848632,0,0,0
13.5,0,84.0,0,87.26592261410761,0,230.0,0,51.49565418008599,0,231.53729960918423,166481771.416435,0,166481771.416435,0,0,0
13.5,0,127.4,0,101.47695393314976,0,230.0,0,51.01040639475677,0,36.053528213500975,167638865.8045755,0,167638865.8045755,0,0,0
5.5,0,1352.3,0,1479.83,0,1494.0,0,42.510000000000005,0,162.82461342811584,0.0014909029006958,0,0.0014909029006958,0,0,0
5.5,0,190.3,0,129.31146825396826,0,247.4,0,74.62573551156461,0,355.17774081230164,0.0216093778610229,0,0.0216093778610229,0,0,0
5.5,0,103.9,0,103.09507936507936,0,164.2,0,37.40686633593295,0,805.5938270330429,0.0406880140304565,0,0.0406880140304565,0,0,0
13.5,0,2527.6,0,2081.51969111384,0,2962.0,0,695.1821348095916,0,1.109990930557251,166845765.9875129,0,166845765.9875129,0,0,0
5.5,0,1779.6,0,1818.19,0,2636.4,0,1029.873187258358,0,1.3888051986694336,0.0002943992614746,0,0.0002943992614746,0,0,0
13.5,0,158.6,0,467.59104256639466,0,2974.0,0,788.5343946824868,0,877.1720800161362,167638735.8092994,0,167638735.8092994,0,0,0
13.5,0,1368.6,0,1463.6658161334708,0,1514.0,0,203.1387255516325,0,5.775734782218933,166845766.52193362,0,166845766.52193362,0,0,0
5.5,0,83.9,0,75.24583333333332,0,122.3,0,26.18941183765813,0,557.1657885789871,0.0049814939498901,0,0.0049814939498901,0,0,0
5.5,0,169.4,0,168.98523809523812,0,337.7,0,104.52695809990284,0,2.1878390073776246,0.0171717882156372,0,0.0171717882156372,0,0,0
5.5,0,67.2,0,69.51476190476191,0,78.0,0,4.166413103346633,0,17.022997236251832,0.0185606002807617,0,0.0185606002807617,0,0,0
5.5,0,237.8,0,167.22559523809522,0,299.3,0,74.55250796267876,0,644.5025080442429,0.0471509933471679,0,0.0471509933471679,0,0,0
5.5,0,134.1,0,207.2736904761905,0,488.0,0,144.23627046311253,0,134.61509640216826,0.0296370983123779,0,0.0296370983123779,0,0,0
5.5,0,156.1,0,196.490753968254,0,385.7,0,103.3777095300876,0,15.436736583709717,0.0619335174560546,0,0.0619335174560546,0,0,0
5.5,0,255.8,0,276.4378571428572,0,607.2,0,225.18676511092,0,28.842718386650084,0.018411898612976,0,0.018411898612976,0,0,0
13.5,0,142.7,0,162.05934152234073,0,645.0,0,175.36081765515436,0,19.03666043281555,166481761.19904518,0,166481761.19904518,0,0,0
5.5,0,215.4,0,81.4511111111111,0,215.4,0,44.75402770889277,0,24.59094617366791,0.0024667024612426,0,0.0024667024612426,0,0,0
13.5,0,1514.0,0,739.2952065615843,0,1514.0,0,706.1452876164019,0,5.311378335952758,167638862.1142408,0,167638862.1142408,0,0,0
5.5,0,80.7,0,99.86400793650792,0,152.0,0,26.48991396175155,0,574.6128224849701,0.0130332946777343,0,0.0130332946777343,0,0,0
13.5,0,105.6,0,235.812830092594,0,967.0,0,262.8237274909471,0,10.872892212867736,166845879.9065514,0,166845879.9065514,0,0,0
13.5,0,66.0,0,448.0022254938045,0,2922.0,0,966.2151009966424,0,0.9293442964553832,166845882.42844242,0,166845882.42844242,0,0,0
5.5,0,385.4,0,796.6674603174603,0,1514.0,0,504.7573784480686,0,4.686959981918335,0.0095941066741943,0,0.0095941066741943,0,0,0
13.5,0,103.2,0,109.2736581259298,0,339.0,0,74.71472581013802,0,546.2489232540131,167639120.9890964,0,167639120.9890964,0,0,0
5.5,0,175.2,0,121.47980158730158,0,336.5,0,93.20019952752352,0,275.4402092218399,0.0111594915390014,0,0.0111594915390014,0,0,0
13.5,0,255.6,0,472.46964583962654,0,2974.0,0,778.5350981822833,0,67.18185324668885,166845834.0703568,0,166845834.0703568,0,0,0
5.5,0,1131.8,0,1230.98,0,1242.0,0,33.059999999999995,0,0.7723449230194092,0.0017549991607666,0,0.0017549991607666,0,0,0
13.5,0,91.4,0,129.6682375201338,0,441.0,0,111.75768699186636,0,0.1822765827178955,166481771.66949737,0,166481771.66949737,0,0,0
13.5,0,1105.8,0,912.8824291798672,0,1514.0,0,711.389320352222,0,2.092872905731201,166845766.09980002,0,166845766.09980002,0,0,0
13.5,0,152.2,0,168.1897108769284,0,761.0,0,173.5496787652148,0,279.4275513410568,166845872.04776952,0,166845872.04776952,0,0,0
5.5,0,1636.0,0,1700.4341269841268,0,2666.0,0,440.0363037198192,0,1.387587809562683,0.0001796960830688,0,0.0001796960830688,0,0,0
5.5,0,134.4,0,86.21948412698413,0,199.4,0,40.9239456619604,0,1197.1549558877946,0.0101935148239135,0,0.0101935148239135,0,0,0
13.5,0,603.8,0,364.83666911219154,0,1466.0,0,508.9427304969451,0,0.1101017951965332,167638712.4890843,0,167638712.4890843,0,0,0
5.5,0,130.9,0,128.78996031746033,0,201.3,0,50.72620181403494,0,2.6118180990219115,0.0176468133926391,0,0.0176468133926391,0,0,0
5.5,0,132.0,0,138.05928571428572,0,240.4,0,68.41623798025167,0,1320.372132062912,0.0575402021408081,0,0.0575402021408081,0,0,0
13.5,0,668.9,0,386.54617786023744,0,1311.8,0,433.05674989255857,0,0.8455423355102539,167639081.66261452,0,167639081.66261452,0,0,0
5.5,0,90.0,0,97.75146825396826,0,212.4,0,59.260374364070366,0,12.62003002166748,0.0114584922790527,0,0.0114584922790527,0,0,0
13.5,0,113.1,0,181.00106729527784,0,749.0,0,180.8096760707457,0,39.39308791160583,166845751.3262715,0,166845751.3262715,0,0,0
5.5,0,649.5,0,385.07813492063497,0,2192.6,0,686.0564740300026,0,0.2620274782180786,0.0053758144378662,0,0.0053758144378662,0,0,0
5.5,0,93.4,0,101.89166666666668,0,189.8,0,48.41886652717797,0,310.593696475029,0.0341109991073608,0,0.0341109991073608,0,0,0
13.5,0,149.1,0,147.7588893901936,0,552.6,0,132.34085573782653,0,117.03024530410768,167639073.0173611,0,167639073.0173611,0,0,0
5.5,0,149.1,0,159.53321428571428,0,225.2,0,58.15073374659576,0,2439.0171486139297,0.0221338033676147,0,0.0221338033676147,0,0,0
5.5,0,156.7,0,144.28710317460315,0,404.5,0,118.83186290847549,0,78.05105426311493,0.0433428049087524,0,0.0433428049087524,0,0,0
13.5,0,148.5,0,130.45643519878814,0,230.0,0,64.00796920509637,0,184.99554307460784,167639167.3196902,0,167639167.3196902,0,0,0
5.5,0,75.3,0,74.89936507936508,0,101.2,0,14.970588190188348,0,57.84356658458709,0.0228043794631958,0,0.0228043794631958,0,0,0
5.5,0,139.7,0,129.15805555555556,0,194.7,0,53.93754675044524,0,61.41869933605194,0.0311003923416137,0,0.0311003923416137,0,0,0
13.5,0,1159.5,0,1772.9561744005048,0,2974.0,0,752.46292170271,0,27.48521497249603,167638865.3239704,0,167638865.3239704,0,0,0
5.5,0,97.0,0,96.81611111111113,0,145.2,0,29.784415832465232,0,11.42259645462036,0.0174687147140502,0,0.0174687147140502,0,0,0
13.5,0,240.1,0,205.96014980289743,0,1746.0,0,418.3862467274436,0,67.26846885681152,166481812.4975878,0,166481812.4975878,0,0,0
5.5,0,120.6,0,136.51702380952378,0,256.0,0,58.85721086985935,0,121.1947809934616,0.0436553955078125,0,0.0436553955078125,0,0,0
13.5,0,104.1,0,77.04437389837543,0,259.4,0,50.2139853662063,0,141.26522333621978,166481812.8145678,0,166481812.8145678,0,0,0
5.5,0,217.2,0,102.07825396825396,0,328.6,0,93.13233311595,0,24.82158215045929,0.028427505493164,0,0.028427505493164,0,0,0
5.5,0,151.2,0,118.83412698412698,0,248.7,0,68.36537049767352,0,116.73879556655884,0.0222445964813232,0,0.0222445964813232,0,0,0
5.5,0,705.3,0,602.7644047619048,0,1923.3,0,727.5342965273734,0,1.163766884803772,0.0163996934890747,0,0.0163996934890747,0,0,0
5.5,0,172.0,0,227.6361904761905,0,413.4,0,123.19153428516802,0,432.3569436550141,0.020465087890625,0,0.020465087890625,0,0,0
13.5,0,96.1,0,96.2024401686205,0,441.0,0,99.77343524383824,0,162.44247007369995,166481769.28030708,0,166481769.28030708,0,0,0
13.5,0,116.0,0,103.49740572465028,0,237.5,0,53.13057201136722,0,156.81729798316957,166481821.0313034,0,166481821.0313034,0,0,0
13.5,0,110.8,0,90.77793331281724,0,200.4,0,45.84496812467111,0,726.7281158208847,166481815.12853178,0,166481815.12853178,0,0,0
13.5,0,93.7,0,134.92871667290396,0,667.0,0,151.47032366762534,0,134.73997495174407,167638848.2255356,0,167638848.2255356,0,0,0
5.5,0,153.9,0,134.3245238095238,0,233.4,0,54.7540929492816,0,4.601695966720581,0.0350868940353393,0,0.0350868940353393,0,0,0
13.5,0,168.1,0,182.4765870807899,0,761.0,0,190.03330222373648,0,423.29978199005126,166845825.19866592,0,166845825.19866592,0,0,0
5.5,0,1371.7,0,460.82432539682543,0,1510.3,0,526.7040695068739,0,311.5496369600296,0.0053837060928344,0,0.0053837060928344,0,0,0
5.5,0,93.0,0,70.04595238095239,0,118.8,0,18.90439073569767,0,86.97741243839263,0.0063651084899902,0,0.0063651084899902,0,0,0
5.5,0,637.2,0,226.82,0,637.2,0,249.07779720583267,0,1.1608283042907714,0.0022955894470214,0,0.0022955894470214,0,0,0
5.5,0,123.1,0,100.97829365079366,0,291.8,0,77.90425941527991,0,174.78938059806825,0.0091975927352905,0,0.0091975927352905,0,0,0
13.5,0,170.8,0,105.87813530681564,0,375.3,0,77.57822561570075,0,0.096062421798706,167639146.1081937,0,167639146.1081937,0,0,0
13.5,0,135.0,0,112.51049934671452,0,215.2,0,62.05120637584631,0,186.7203464984894,167638983.1928945,0,167638983.1928945,0,0,0
5.5,0,1242.0,0,1242.0,0,1242.0,0,0.0,0,0.9261253833770752,0.0001033067703247,0,0.0001033067703247,0,0,0
13.5,0,167.4,0,194.76956995532848,0,761.0,0,211.7740052122789,0,151.1771903038025,166845813.2408661,0,166845813.2408661,0,0,0
5.5,0,164.7,0,123.97805555555556,0,176.8,0,47.265358166632,0,57.86355481147766,0.0113780975341796,0,0.0113780975341796,0,0,0
5.5,0,211.7,0,213.01234126984127,0,426.2,0,95.53532545946528,0,146.3415564775467,0.0363445043563842,0,0.0363445043563842,0,0,0
13.5,0,165.2,0,120.53643332372825,0,341.9,0,81.69837313730561,0,1149.0067610740662,166482036.62733018,0,166482036.62733018,0,0,0
13.5,0,417.1,0,207.25232969000385,0,1113.2,0,291.07949505397585,0,12.23204939365387,166481754.87661177,0,166481754.87661177,0,0,0
13.5,0,90.9,0,111.24433664718497,0,230.0,0,53.38607122713453,0,370.9181468725204,167638762.9104267,0,167638762.9104267,0,0,0
5.5,0,108.3,0,88.55480158730158,0,220.8,0,49.6018648772088,0,0.254859447479248,0.013726806640625,0,0.013726806640625,0,0,0
5.5,0,95.2,0,76.4034126984127,0,161.2,0,35.97910240967689,0,839.3633434295655,0.0475494861602783,0,0.0475494861602783,0,0,0
13.5,0,84.5,0,110.57934490561038,0,471.0,0,104.35069744277652,0,15.33905544281006,167638963.8352999,0,167638963.8352999,0,0,0
13.5,0,100.8,0,103.38492636362604,0,218.0,0,45.170852440763866,0,394.89939188957214,166845816.0339052,0,166845816.0339052,0,0,0
5.5,0,93.8,0,80.683373015873,0,170.0,0,33.72491693882196,0,307.8978272676468,0.0169453144073486,0,0.0169453144073486,0,0,0
13.5,0,152.0,0,174.46434177449655,0,699.2,0,171.95294598322198,0,4.201284956932068,167638868.7109488,0,167638868.7109488,0,0,0
5.5,0,1486.0,0,1486.0,0,1486.0,0,0.0,0,1.56968355178833,0.0011294841766357,0,0.0011294841766357,0,0,0
13.5,0,176.0,0,180.9603844594518,0,414.0,0,127.93831590529892,0,506.6861081600189,167638739.5611577,0,167638739.5611577,0,0,0
13.5,0,107.7,0,118.3211265033556,0,225.2,0,64.80846578892537,0,76.68612744808198,167638647.1729167,0,167638647.1729167,0,0,0
5.5,0,122.6,0,171.55436507936506,0,256.0,0,54.123204406328014,0,71.94429578781128,0.075860595703125,0,0.075860595703125,0,0,0
13.5,0,111.5,0,132.07610927686005,0,230.0,0,63.644235022149566,0,140.1295721054077,167638974.31476182,0,167638974.31476182,0,0,0
5.5,0,115.3,0,114.08194444444445,0,202.0,0,58.38057376121768,0,535.6209486484528,0.0548997163772583,0,0.0548997163772583,0,0,0
5.5,0,104.1,0,112.62146825396825,0,219.6,0,54.24393947856909,0,80.0468890428543,0.020819091796875,0,0.020819091796875,0,0,0
5.5,0,75.8,0,75.5370238095238,0,126.5,0,28.11139698648062,0,319.40662479400635,0.0136355876922607,0,0.0136355876922607,0,0,0
13.5,0,145.0,0,112.78937743843704,0,298.2,0,68.3905558115651,0,0.0499967813491821,166481813.8209866,0,166481813.8209866,0,0,0
5.5,0,2238.0,0,2295.805079365079,0,2817.2,0,617.9481031984903,0,6.458093905448914,0.0004000186920166,0,0.0004000186920166,0,0,0
13.5,0,119.8,0,110.86135045810742,0,230.0,0,56.07199654937138,0,19.350429129600524,167638961.02598482,0,167638961.02598482,0,0,0
13.5,0,86.2,0,73.08785595596355,0,232.6,0,42.305917178629365,0,1447.6281733751298,166482031.77197048,0,166482031.77197048,0,0,0
13.5,0,123.3,0,87.36961546580355,0,275.9,0,51.38655370764764,0,194.53729627132407,167638982.7680243,0,167638982.7680243,0,0,0
13.5,0,126.6,0,116.29018428681744,0,319.5,0,73.33068434427139,0,17.356508016586304,166845886.80499932,0,166845886.80499932,0,0,0
5.5,0,109.8,0,100.9485714285714,0,141.3,0,26.5693985028023,0,270.29745824337004,0.0419399976730346,0,0.0419399976730346,0,0,0
13.5,0,215.7,0,148.6704079206827,0,647.0,0,172.39497084797458,0,0.0636212110519409,166482044.66931278,0,166482044.66931278,0,0,0
13.5,0,86.9,0,87.35773548475947,0,222.6,0,43.16668054258027,0,38.03405349254608,167638976.17702883,0,167638976.17702883,0,0,0
13.5,0,123.2,0,163.11864270533388,0,343.4,0,109.1856576661545,0,224.34372928142548,166481817.09625158,0,166481817.09625158,0,0,0
5.5,0,1488.0,0,2022.796984126984,0,2921.6,0,703.3176467770518,0,1.601044774055481,8.339881896972657e-05,0,8.339881896972657e-05,0,0,0
5.5,0,420.9,0,229.3723412698413,0,742.2,0,265.078857317846,0,0.7890588283538819,0.005518889427185,0,0.005518889427185,0,0,0
5.5,0,178.1,0,167.40626984126982,0,230.0,0,65.82692541790506,0,138.83677897453308,0.0119341135025024,0,0.0119341135025024,0,0,0
5.5,0,86.4,0,93.20464285714284,0,147.0,0,30.89240002826657,0,90.01040978431702,0.0165287971496582,0,0.0165287971496582,0,0,0
13.5,0,88.3,0,91.75077044988036,0,353.0,0,72.24032391656897,0,905.87406873703,166482044.51071498,0,166482044.51071498,0,0,0
13.5,0,1514.0,0,1514.0,0,1514.0,0,0.0,0,0.0270493507385253,166845766.5724833,0,166845766.5724833,0,0,0
5.5,0,107.6,0,120.5579365079365,0,230.0,0,60.110358719784685,0,366.6263475894928,0.050979995727539,0,0.050979995727539,0,0,0
13.5,0,134.4,0,110.2636751359236,0,276.0,0,69.42346073354419,0,6.823160648345947,167638863.5324763,0,167638863.5324763,0,0,0
5.5,0,308.8,0,526.0566666666666,0,2067.8,0,757.5406501465563,0,17.293207144737245,0.0391201019287109,0,0.0391201019287109,0,0,0
13.5,0,131.3,0,104.53432649995344,0,357.0,0,86.6481964250961,0,112.66783299446108,166481764.9500303,0,166481764.9500303,0,0,0
5.5,0,298.8,0,150.6052380952381,0,594.2,0,172.52914115101626,0,326.44283113479617,0.0100593090057373,0,0.0100593090057373,0,0,0
13.5,0,288.9,0,170.9725853412154,0,1004.0,0,229.98935347887044,0,142.43691840171817,167639098.36087558,0,167639098.36087558,0,0,0
5.5,0,92.9,0,98.38972222222222,0,137.3,0,27.548414404599857,0,612.9664385557174,0.0134879112243652,0,0.0134879112243652,0,0,0
5.5,0,142.2,0,127.09650793650796,0,176.1,0,33.87489167632272,0,0.6040143251419068,0.024694800376892,0,0.024694800376892,0,0,0
5.5,0,698.4,0,1483.6943253968254,0,2962.0,0,947.8571004256888,0,52.40113492012024,0.0153846979141235,0,0.0153846979141235,0,0,0
13.5,0,1292.0,0,1130.0235661509114,0,1292.0,0,409.69997253062365,0,0.5515991687774658,166845883.7386617,0,166845883.7386617,0,0,0
13.5,0,119.7,0,146.01822672683355,0,761.0,0,178.923308214187,0,347.0621023416519,166845829.5392732,0,166845829.5392732,0,0,0
13.5,0,122.3,0,121.11251124821172,0,230.0,0,58.45355163202085,0,80.146071767807,167638651.1468725,0,167638651.1468725,0,0,0
5.5,0,134.0,0,160.06190476190477,0,242.0,0,61.57024348934351,0,313.08454542160035,0.0606047868728637,0,0.0606047868728637,0,0,0
5.5,0,210.8,0,332.5196031746032,0,819.5,0,285.0211315132125,0,0.229012393951416,0.0054000854492187,0,0.0054000854492187,0,0,0
13.5,0,150.7,0,347.48933912664563,0,1141.0,0,407.6268173357988,0,103.11168155670164,166845761.34671,0,166845761.34671,0,0,0
5.5,0,123.1,0,133.9365079365079,0,324.3,0,101.89855223492332,0,886.7147380828858,0.0107481002807617,0,0.0107481002807617,0,0,0
5.5,0,355.9,0,338.75658730158733,0,984.1,0,293.57780444203854,0,488.8018503427505,0.0204638957977294,0,0.0204638957977294,0,0,0
5.5,0,127.1,0,166.4911111111111,0,339.0,0,99.39599343815732,0,904.0928566932678,0.0087721109390258,0,0.0087721109390258,0,0,0
13.5,0,351.6,0,86.72575522860352,0,351.6,0,78.04668917948092,0,1.0015676736831665,167638688.417786,0,167638688.417786,0,0,0
13.5,0,2065.2,0,525.6974224021593,0,2065.2,0,751.7674686646365,0,0.789987850189209,166845882.41437107,0,166845882.41437107,0,0,0
13.5,0,134.8,0,114.19603253170976,0,230.0,0,71.86757922106007,0,431.8402447223663,166481814.1880139,0,166481814.1880139,0,0,0
13.5,0,126.2,0,93.47600071711912,0,411.0,0,86.07308061046274,0,122.03520724773406,166481762.8574861,0,166481762.8574861,0,0,0
13.5,0,124.8,0,128.54452696039772,0,230.0,0,62.053066238025465,0,37.80117347240448,166481748.70649052,0,166481748.70649052,0,0,0
5.5,0,1658.8,0,1562.668888888889,0,1948.4,0,136.83434847063,0,10.738843774795532,0.0003217935562133,0,0.0003217935562133,0,0,0
5.5,0,310.5,0,353.8216666666666,0,1464.4,0,506.07954979171126,0,99.20897479057312,0.0283633947372436,0,0.0283633947372436,0,0,0
13.5,0,100.5,0,137.85948034035107,0,645.0,0,165.59096716286723,0,0.031595230102539,166481761.1807005,0,166481761.1807005,0,0,0
13.5,0,92.6,0,120.44622051065552,0,441.0,0,105.2568462372549,0,1.2068689823150636,166481808.4585929,0,166481808.4585929,0,0,0
13.5,0,1514.0,0,1514.0,0,1514.0,0,0.0,0,4.55004198551178,166845766.3375041,0,166845766.3375041,0,0,0
13.5,0,77.0,0,80.18068281778423,0,230.0,0,42.80301744979688,0,100.38771305084228,166845815.8156884,0,166845815.8156884,0,0,0
5.5,0,182.6,0,103.00876984126982,0,282.4,0,74.58458001018069,0,0.0614449501037597,0.0014823913574218,0,0.0014823913574218,0,0,0
5.5,0,250.6,0,227.0756746031746,0,875.0,0,270.07001644121243,0,20.654611349105835,0.00571711063385,0,0.00571711063385,0,0,0
5.5,0,134.0,0,163.46396825396823,0,226.8,0,53.77639551121807,0,120.16757709980013,0.0327552080154418,0,0.0327552080154418,0,0,0
5.5,0,102.3,0,90.11392857142856,0,155.9,0,34.298546936191045,0,224.62767519950867,0.0326359987258911,0,0.0326359987258911,0,0,0
13.5,0,271.1,0,247.0226392029024,0,1777.8,0,419.17196006408005,0,75.10267081260682,166481816.68947703,0,166481816.68947703,0,0,0
5.5,0,232.5,0,175.52488095238095,0,898.5,0,277.9044566508227,0,295.65302324295044,0.0014026880264282,0,0.0014026880264282,0,0,0
13.5,0,236.4,0,218.4152178927024,0,365.7,0,107.89022123982215,0,680.4471143484116,166845888.05349308,0,166845888.05349308,0,0,0
5.5,0,143.4,0,133.54539682539684,0,194.4,0,44.71456206859117,0,189.126127910614,0.050546908378601,0,0.050546908378601,0,0,0
13.5,0,210.8,0,293.5495464477043,0,1514.0,0,511.94722740745135,0,2.933700561523437,167638861.8783333,0,167638861.8783333,0,0,0
5.5,0,770.0,0,982.924761904762,0,1629.2,0,507.5194363445879,0,1.164042329788208,0.0004914045333862,0,0.0004914045333862,0,0,0
13.5,0,77.4,0,82.3181877827195,0,230.0,0,43.5040149020911,0,0.0181065082550048,166481762.6153257,0,166481762.6153257,0,0,0
5.5,0,244.2,0,267.06642857142856,0,680.1,0,229.4765026299064,0,104.0382357597351,0.0222617864608764,0,0.0222617864608764,0,0,0
5.5,0,97.4,0,76.75031746031746,0,153.6,0,35.7341688951101,0,599.0583124160767,0.0180763006210327,0,0.0180763006210327,0,0,0
5.5,0,135.2,0,112.95015873015872,0,194.0,0,58.98364506979634,0,537.3309032201767,0.0336437940597534,0,0.0336437940597534,0,0,0
5.5,0,89.1,0,90.36194444444445,0,180.4,0,60.33362551145823,0,51.07297253608704,0.0199921131134033,0,0.0199921131134033,0,0,0
13.5,0,155.3,0,199.5751826737933,0,761.0,0,175.80878072453385,0,454.67466976642606,166845834.22724503,0,166845834.22724503,0,0,0
5.5,0,384.0,0,295.77666666666664,0,1020.0,0,345.64911980101664,0,108.60211341381071,0.0353895902633667,0,0.0353895902633667,0,0,0
5.5,0,142.3,0,91.28234126984128,0,295.5,0,75.02588551667212,0,46.03565526008606,0.0257489919662475,0,0.0257489919662475,0,0,0
13.5,0,108.7,0,106.51825288445644,0,230.0,0,55.05609967810532,0,527.1990239143372,166845832.8217087,0,166845832.8217087,0,0,0
13.5,0,67.6,0,120.54025216957106,0,224.0,0,56.86393532227726,0,42.57013428211212,167638964.05822438,0,167638964.05822438,0,0,0
5.5,0,98.2,0,88.15134920634921,0,160.4,0,33.16044052165667,0,2.853245234489441,0.0535274028778076,0,0.0535274028778076,0,0,0
5.5,0,169.8,0,125.23511904761908,0,224.7,0,65.13030958899314,0,28.53800413608551,0.0262865781784057,0,0.0262865781784057,0,0,0
5.5,0,106.9,0,77.9697619047619,0,140.8,0,31.8084515760664,0,1743.359175992012,0.0407754898071289,0,0.0407754898071289,0,0,0
13.5,0,93.9,0,120.23988983453766,0,481.0,0,103.27361125159544,0,137.01219022274017,166845755.4629823,0,166845755.4629823,0,0,0
5.5,0,140.0,0,166.58174603174604,0,216.4,0,49.486319088439984,0,141.08290722370148,0.0463045120239257,0,0.0463045120239257,0,0,0
13.5,0,1514.0,0,1514.0,0,1514.0,0,0.0,0,4.492337560653686,167638861.52978298,0,167638861.52978298,0,0,0
13.5,0,107.6,0,274.8070088837891,0,1514.0,0,411.6128825899477,0,1589.2044179201123,167638815.31638667,0,167638815.31638667,0,0,0
5.5,0,158.2,0,150.0518253968254,0,406.4,0,107.87951991494168,0,244.16201848983764,0.0057872056961059,0,0.0057872056961059,0,0,0
5.5,0,627.6,0,267.8480952380952,0,1488.0,0,506.9458722342887,0,1.976945185661316,0.0003246068954467,0,0.0003246068954467,0,0,0
13.5,0,80.6,0,105.90508999600328,0,230.0,0,66.4941864170263,0,120.14343373775482,167639076.3341688,0,167639076.3341688,0,0,0
5.5,0,151.6,0,88.00246031746032,0,185.2,0,40.89941149536387,0,10.457478475570678,0.0330726861953735,0,0.0330726861953735,0,0,0
13.5,0,189.0,0,219.48923663367933,0,476.8,0,139.3136901686342,0,369.96812562942506,167638760.8812202,0,167638760.8812202,0,0,0
13.5,0,108.3,0,90.49602009016095,0,279.9,0,53.2433554403248,0,36.17948343753815,166481759.92818302,0,166481759.92818302,0,0,0
5.5,0,165.2,0,119.06448412698413,0,258.6,0,78.93458336714363,0,301.96790223121644,0.019376802444458,0,0.019376802444458,0,0,0
5.5,0,201.4,0,114.79682539682544,0,331.7,0,82.51708831431453,0,0.1870762348175048,0.0145783901214599,0,0.0145783901214599,0,0,0
13.5,0,61.8,0,60.52407749672069,0,92.4,0,14.065222382401275,0,102.21598403453828,166481767.8060885,0,166481767.8060885,0,0,0
5.5,0,80.5,0,75.42571428571428,0,86.5,0,7.47691469414424,0,2362.553582501412,0.0261393785476684,0,0.0261393785476684,0,0,0
5.5,0,88.8,0,100.3495238095238,0,183.4,0,39.06362599983852,0,149.69117918014527,0.041428780555725,0,0.041428780555725,0,0,0
13.5,0,68.2,0,98.48205013983264,0,214.0,0,57.71236559412646,0,0.9679873943328856,167639147.1589914,0,167639147.1589914,0,0,0
13.5,0,54.0,0,278.372805765356,0,1486.0,0,479.4011609754546,0,0.7820882797241211,166845882.24320608,0,166845882.24320608,0,0,0
5.5,0,85.2,0,101.94801587301588,0,156.0,0,41.52322858266765,0,1733.5894246578216,0.0210837125778198,0,0.0210837125778198,0,0,0
5.5,0,934.8,0,1180.040634920635,0,1514.0,0,413.1257123049565,0,2.2613603591918947,0.0054369926452636,0,0.0054369926452636,0,0,0
13.5,0,202.0,0,153.41736187445164,0,907.0,0,225.6650340066776,0,242.6008713722229,166845826.9161451,0,166845826.9161451,0,0,0
5.5,0,208.9,0,263.0422222222222,0,365.6,0,87.41536578699119,0,131.5438702583313,0.0128038167953491,0,0.0128038167953491,0,0,0
5.5,0,193.1,0,170.77531746031747,0,524.0,0,148.9493040235662,0,124.5670889377594,0.0120471000671386,0,0.0120471000671386,0,0,0
13.5,0,110.0,0,124.4671676281235,0,230.0,0,70.63812540190519,0,81.05155341625213,166481753.7602411,0,166481753.7602411,0,0,0
5.5,0,156.2,0,160.53873015873015,0,316.2,0,97.21263815875496,0,64.6341374874115,0.0276083946228027,0,0.0276083946228027,0,0,0
5.5,0,90.3,0,77.32178571428571,0,149.4,0,28.79669966202652,0,237.4704747915268,0.029512619972229,0,0.029512619972229,0,0,0
13.5,0,150.8,0,127.20666833682311,0,223.0,0,67.71853314957278,0,994.1794661045076,167639122.1629104,0,167639122.1629104,0,0,0
13.5,0,99.6,0,132.15802764401062,0,233.2,0,72.0290386456522,0,204.9093907117844,166481810.76688653,0,166481810.76688653,0,0,0
5.5,0,193.6,0,177.15234126984126,0,487.5,0,137.41848224656434,0,396.8648329496384,0.0724341869354248,0,0.0724341869354248,0,0,0
5.5,0,374.4,0,292.9002380952381,0,752.0,0,264.3561293418673,0,46.589317893981935,0.00225350856781,0,0.00225350856781,0,0,0
13.5,0,133.0,0,384.897156624765,0,1494.0,0,530.6634956775513,0,1.0026322841644286,167638850.5707339,0,167638850.5707339,0,0,0
5.5,0,104.3,0,81.96051587301586,0,134.1,0,29.58488523489208,0,363.1287425994873,0.0212239980697631,0,0.0212239980697631,0,0,0
5.5,0,645.2,0,1134.991746031746,0,1514.0,0,413.1257123049565,0,0.9889148712158204,0.0003951072692871,0,0.0003951072692871,0,0,0
5.5,0,1636.8,0,1769.4566666666665,0,2779.2,0,495.8031592982492,0,1.0521903038024902,0.0005136966705322,0,0.0005136966705322,0,0,0
13.5,0,160.4,0,175.08716921150744,0,761.0,0,183.8306003938944,0,0.0022668123245239,166845819.38392642,0,166845819.38392642,0,0,0
13.5,0,78.3,0,357.0537224553053,0,2190.0,0,563.7560199787947,0,257.9915928602219,166481828.35596222,0,166481828.35596222,0,0,0
13.5,0,118.3,0,146.72155795185205,0,749.0,0,177.5795117495711,0,39.38285436630249,166845744.1413065,0,166845744.1413065,0,0,0
13.5,0,58.0,0,86.06312190088893,0,317.0,0,72.85731013274736,0,515.1172564268112,166481815.8424075,0,166481815.8424075,0,0,0
5.5,0,1408.9,0,1674.9815476190477,0,2774.8,0,755.885660433062,0,1.354334044456482,0.0002120018005371,0,0.0002120018005371,0,0,0
5.5,0,1494.0,0,1600.4766666666667,0,2350.8,0,316.274481336475,0,1.0271660089492798,0.0011116981506347,0,0.0011116981506347,0,0,0
13.5,0,80.6,0,69.13790447598495,0,121.0,0,20.278494465662824,0,120.2112610578537,166481803.9802035,0,166481803.9802035,0,0,0
5.5,0,228.2,0,323.38595238095235,0,749.0,0,218.65226747492343,0,194.893373799324,0.0432075023651123,0,0.0432075023651123,0,0,0
5.5,0,98.8,0,92.2747619047619,0,131.7,0,24.55655358036388,0,467.967725777626,0.0203274965286254,0,0.0203274965286254,0,0,0
5.5,0,98.1,0,92.99051587301588,0,145.8,0,30.04423813235678,0,170.07461576461793,0.0166764974594116,0,0.0166764974594116,0,0,0
5.5,0,637.2,0,576.6800000000001,0,1494.0,0,559.9669944694958,0,0.5155907154083252,0.0003262996673583,0,0.0003262996673583,0,0,0
13.5,0,600.1,0,308.64937131968475,0,1914.8,0,493.9965576570794,0,0.1460004568099975,166845831.772694,0,166845831.772694,0,0,0
5.5,0,105.3,0,86.20063492063491,0,149.3,0,34.58742189136935,0,25.82151830196381,0.0109703063964843,0,0.0109703063964843,0,0,0
5.5,0,87.4,0,98.84738095238096,0,135.0,0,26.36799846128396,0,162.52032027244567,0.0336909055709838,0,0.0336909055709838,0,0,0
13.5,0,128.1,0,88.39238013276713,0,299.7,0,64.28136077699412,0,0.0964669704437255,166482051.6274966,0,166482051.6274966,0,0,0
13.5,0,149.0,0,143.03804846125666,0,357.3,0,101.78396148604818,0,72.33657245635986,166481762.3085569,0,166481762.3085569,0,0,0
13.5,0,153.0,0,98.96886684995432,0,209.8,0,48.63019515424528,0,9.862414693832395,166481744.13819668,0,166481744.13819668,0,0,0
5.5,0,823.2,0,1748.4291666666668,0,4434.0,0,1354.2292331883575,0,2.0341286659240723,0.0078028917312622,0,0.0078028917312622,0,0,0
5.5,0,139.0,0,110.82373015873016,0,191.0,0,54.64668279706225,0,153.0029060125351,0.0453338146209716,0,0.0453338146209716,0,0,0
13.5,0,66.0,0,162.838099179802,0,1514.0,0,359.8246073324695,0,3.594852423667908,167638861.9426562,0,167638861.9426562,0,0,0
13.5,0,229.2,0,246.30584650901216,0,1088.0,0,314.02474689513633,0,15.426975965499878,166845879.2850432,0,166845879.2850432,0,0,0
5.5,0,104.1,0,112.62146825396825,0,219.6,0,54.24393947856909,0,80.0468890428543,0.020819091796875,0,0.020819091796875,0,0,0
13.5,0,125.4,0,110.17032496399368,0,230.0,0,66.979973957528,0,2176.524013876915,166482053.1831382,0,166482053.1831382,0,0,0
5.5,0,210.8,0,224.6479365079365,0,1079.6,0,362.0878065266189,0,3.2201481103897094,0.0063672065734863,0,0.0063672065734863,0,0,0
